{"time": 1685286319.1658018, "race_time": 1684345666.698214}